<nodeDefs>
    <nodeDef id="controller" nls="ctl">
        <editors />
        <sts>
            <st id="ST" editor="bool" />
            <st id="CPW" editor="MWATT" />
            <st id="GV6" editor="MWATT" /> 
            <st id="GV7" editor="MWATT" /> 
            <st id="GV8" editor="MWATT" /> 
            <st id="GV9" editor="MWATT" /> 
            <st id="GV10" editor="MWATT" /> 
            <st id="GV11" editor="MWATT" /> 
            <st id="GV12" editor="MWATT" /> 
            <st id="GV13" editor="MWATT" />
            <st id="GV14" editor="MWATT" /> 
        </sts>
        <cmds>
            <sends />
            <accepts>
                <cmd id="QUERY" />
            </accepts>
        </cmds>
    </nodeDef>
    <nodeDef id="SENSEDEVICE" nls="DEVICE">
        <editors />
        <sts>
            <st id="ST" editor="MONOFF" />
            <st id="GV1" editor="MINT" /> 
            <st id="GV5" editor="MWATT" /> 
            <st id="GV2" editor="MKWATT" /> 
            <st id="GV3" editor="MINT" /> 
            <st id="GV4" editor="MKWATT"/> 
        </sts>
        <cmds>
            <sends />
            <accepts>
                <cmd id="QUERY" />
            </accepts>
        </cmds>
    </nodeDef>
</nodeDefs>
