<nodeDefs>
    <nodeDef id="controller" nls="ctl">
        <editors />
        <sts>
            <st id="ST" editor="bool" />
            <st id="CPW" editor="MWATT" />
        </sts>
        <cmds>
            <sends />
            <accepts>
            </accepts>
        </cmds>
    </nodeDef>
    <nodeDef id="SENSEDEVICE" nls="DEVICE">
        <editors />
        <sts>
            <st id="ST" editor="MONOFF" />
            <st id="CPW" editor="MWATT" /> 
        </sts>
        <cmds>
            <sends />
            <accepts>
                <cmd id="QUERY" />
            </accepts>
        </cmds>
    </nodeDef>
</nodeDefs>
